primary_product_code,classification_name,device_class,regulation_number,medical_specialty,medical_specialty_description,review_panel,definition,implant_flag,life_sustain_support_flag,gmp_exempt_flag,classification_third_party_flag,summary_malfunction_reporting,ai_device_authorizations,linked_recall_records,first_ai_authorization_date,latest_ai_authorization_date,source_snapshot_date
QIH,Automated Radiological Image Processing Software,2,892.2050,RA,Radiology,RA,"To provide automated radiological image processing and analysis tools.    Software implementing artificial intelligence including nonadaptive machine learning algorithms trained with clinical and/or artificial data. In these devices, the algorithm training data typically impacts device performance. Adaptive AI algorithms are not within scope of this product code.",N,N,N,N,Ineligible,274,2,2019-11-13,2026-03-30,2026-07-31
LLZ,"System, Image Processing, Radiological",2,892.2050,RA,Radiology,RA,,N,N,N,Y,Eligible,160,12,2008-09-12,2025-11-03,2026-07-31
IYN,"System, Imaging, Pulsed Doppler, Ultrasonic",2,892.1550,RA,Radiology,RA,,N,N,N,Y,Eligible,116,34,2016-11-30,2026-03-27,2026-07-31
JAK,"System, X-Ray, Tomography, Computed",2,892.1750,RA,Radiology,RA,,N,N,N,Y,Eligible,101,29,2014-04-22,2026-03-27,2026-07-31
LNH,"System, Nuclear Magnetic Resonance Imaging",2,892.1000,RA,Radiology,RA,,N,N,N,Y,Eligible,99,96,2008-05-15,2026-03-27,2026-07-31
QAS,Radiological Computer-Assisted Triage And Notification Software,2,892.2080,RA,Radiology,RA,Radiological computer-assisted triage and notification software is an image processing device intended to aid in prioritization and triage of time sensitive patient detection and diagnosis based on the analysis of medical images acquired from radiological signal acquisition systems.   The device identifies or prioritizes time sensitive imaging for review by prespecified clinical users based on software-based image analysis but does not provide information from the image analysis other than triage and notification .,N,N,N,N,Ineligible,83,0,2018-02-13,2026-03-24,2026-07-31
QKB,Radiological Image Processing Software For Radiation Therapy,2,892.2050,RA,Radiology,RA,"To provide semi-automatic or fully-automated radiological image processing and analysis tools for radiation therapy. Software implementing artificial intelligence (AI) including nonadaptive machine learning algorithms trained with clinical and/or artificial radiological images. In these devices, the algorithm training images  typically impact device performance. AI based radiological image processing software  is intended to be used in the workflow of radiation therapy.  Adaptive AI algorithms are not within the scope of this product code. Primary radiation dose calculation or plan optimization for treatment planning are not within scope of this product code.",N,N,N,N,Ineligible,44,0,2018-07-10,2026-03-27,2026-07-31
MYN,"Analyzer, Medical Image",2,892.2070,RA,Radiology,RA,"For information on the MYN device, please see:  https://www.federalregister.gov/documents/2020/01/22/2020-00494/radiology-devices-reclassification-of-medical-image-analyzers",N,N,N,N,Eligible,42,1,1998-06-26,2026-01-16,2026-07-31
QFM,Radiological Computer-Assisted Prioritization Software For Lesions,2,892.2080,RA,Radiology,RA,Radiological computer-assisted prioritization software for lesions is an image processing device intended to aid in prioritization and triage of time sensitive patient detection and diagnosis based on the analysis of medical images acquired from radiological signal acquisition systems. The device identifies or prioritizes time sensitive imaging for review by prespecified clinical users based on software-based image analysis but does not provide information from the image analysis other than triage and notification.,N,N,N,N,Ineligible,39,0,2019-03-08,2025-12-11,2026-07-31
MUJ,"System, Planning, Radiation Therapy Treatment",2,892.5050,RA,Radiology,RA,,N,N,N,N,Eligible,32,78,2019-06-19,2026-03-18,2026-07-31
QDQ,Radiological Computer Assisted Detection/Diagnosis Software For Lesions Suspicious For Cancer,2,892.2090,RA,Radiology,RA,"A radiological computer assisted detection and diagnostic software for suspected lesions is an image processing device intended to aid in the detection, localization, and characterization of lesions suspicious for cancer on acquired medical images (e.g., mammography , MR, CT, ultrasound, radiography). The device detects, identifies and characterizes lesions suspicious for cancer based on features or information extracted from the images, and may provide information about the presence, location, and characteristics of the lesion to the user. Primary diagnostic and patient management decisions are made by the clinical user.",N,N,N,N,Ineligible,32,0,2018-11-21,2026-03-26,2026-07-31
DQK,"Computer, Diagnostic, Programmable",2,870.1425,CV,Cardiovascular,CV,,N,N,N,Y,Eligible,27,0,2018-08-29,2026-02-20,2026-07-31
KPS,"System, Tomography, Computed, Emission",2,892.1200,RA,Radiology,RA,,N,N,N,Y,Eligible,25,8,2018-11-30,2026-02-13,2026-07-31
POK,Computer-Assisted Diagnostic Software For Lesions Suspicious For Cancer,2,892.2060,RA,Radiology,RA,Assist users in characterizing lesions identified on acquired medical images,N,N,N,N,Eligible,21,0,2017-07-19,2026-03-27,2026-07-31
QNP,Gastrointesinal Lesion Software Detection System,2,876.1520,GU,"Gastroenterology, Urology",GU,A gastrointestinal lesion software detection system is a computer-assisted detection device used in conjunction with endoscopy for the detection of abnormal lesions in the gastrointestinal tract. This device with advanced software algorithms brings attention to images to aid in the detection of lesions. The device may contain hardware to support interfacing with an endoscope.,N,N,N,N,Ineligible,18,0,2021-04-09,2025-12-22,2026-07-31
DQD,"Stethoscope, Electronic",2,870.1875,CV,Cardiovascular,CV,,N,N,N,Y,Eligible,14,0,2012-07-27,2026-03-12,2026-07-31
OWB,Interventional Fluoroscopic X-Ray System,2,892.1650,RA,Radiology,RA,Interventional fluoroscopy,N,N,N,Y,Eligible,14,4,2016-07-07,2026-03-24,2026-07-31
JOY,"Device, Automated Cell-Locating",2,864.5260,HE,Hematology,HE,,N,N,N,Y,Eligible,11,1,2001-03-15,2025-06-27,2026-07-31
IYO,"System, Imaging, Pulsed Echo, Ultrasonic",2,892.1560,RA,Radiology,RA,,N,N,N,Y,Eligible,10,1,2017-09-15,2026-03-04,2026-07-31
MNR,Ventilatory Effort Recorder,2,868.2375,AN,Anesthesiology,AN,,N,N,N,Y,Eligible,10,0,1997-03-11,2025-12-10,2026-07-31
OLO,Orthopedic Stereotaxic Instrument,2,882.4560,NE,Neurology,OR,Stereotaxic guidance during orthopedic surgery procedures.  Indicated for Orthopedic joint or spine surgery. Neurological stereotaxic instruments are classified under product code HAW.,N,N,N,N,Eligible,10,2,2018-06-29,2026-02-12,2026-07-31
OEB,"Lung Computed Tomography System, Computer-Aided Detection",2,892.2050,RA,Radiology,RA,"To assist radiologists in the review of multi-slice computed tomography (msct) exams of the chest and highlight potential nodules that the radiologist should review.  A computer aided diagnosis, lung computed tomography system is a class 3 device under product code NRR.",N,N,N,N,Eligible,9,0,2016-09-09,2025-12-03,2026-07-31
QBS,Radiological Computer Assisted Detection/Diagnosis Software For Fracture,2,892.2090,RA,Radiology,RA,"A radiological computer assisted detection and diagnostic software for suspected fracture is an image processing device intended to aid in the detection, localization, and/or characterization of fracture on acquired medical images (e.g. radiography, MR, CT). The device detects, identifies and/or characterizes fracture based on features or information extracted from images, and may provide information about the presence, location, and/or characteristics of the fracture to the user. Primary diagnostic and patient management decisions are made by the clinical user.",N,N,N,N,Ineligible,9,0,2018-05-24,2025-01-17,2026-07-31
HAW,Neurological Stereotaxic Instrument,2,882.4560,NE,Neurology,NE,,N,N,N,N,Ineligible,8,0,2019-11-27,2026-03-26,2026-07-31
MXD,"Recorder, Event, Implantable Cardiac, (With Arrhythmia Detection)",2,870.1025,CV,Cardiovascular,CV,,Y,N,N,N,Eligible,8,4,2017-02-23,2025-12-18,2026-07-31
OLZ,Automatic Event Detection Software For Polysomnograph With Electroencephalograph,2,882.1400,NE,Neurology,NE,"Automatically mark electroencephalograph and polysomongraph signals in order to aid in identification of such events and annotation of prolonged PSG traces; Automatically calculate simple measures obtained from recorded signals (e.G. Magnitude, time, frequency and simple statistical measures of marked events); All output subject to verification by qualified user",N,N,N,N,Eligible,8,0,2021-06-16,2026-03-08,2026-07-31
OMB,Automatic Event Detection Software For Full-Montage Electroencephalograph,2,882.1400,NE,Neurology,NE,"Automatically mark or identify electroencephalograph waveforms for spikes, electrographic seizures, seizure-like events in order to aid in identification of such events and help review and annotation of prolonged EEG traces; All output subject to verification by qualified user",N,N,N,N,Eligible,8,0,2018-11-29,2025-04-09,2026-07-31
PJA,Coronary Vascular Physiologic Simulation Software,2,870.1415,CV,Cardiovascular,CV,A coronary vascular physiologic simulation software device is intended to aid in the identification of functionally significant cardiovascular disease.,N,N,N,N,Ineligible,8,0,2016-01-13,2025-07-18,2026-07-31
DPS,Electrocardiograph,2,870.2340,CV,Cardiovascular,CV,,N,N,N,Y,Eligible,7,0,2017-06-26,2025-08-06,2026-07-31
PIB,Diabetic Retinopathy Detection Device,2,886.1100,OP,Ophthalmic,OP,A retinal diagnostic software device is a prescription software device that incorporates an adaptive algorithm to evaluate ophthalmic images for diagnostic screening to identify retinal diseases or conditions.,N,N,N,N,Eligible,7,0,2018-04-11,2024-04-23,2026-07-31
QJU,Image Acquisition And/Or Optimization Guided By Artificial Intelligence,2,892.2100,RA,Radiology,RA,"A radiological acquisition and/or optimization guidance system is a device that is intended to aid in the acquisition and/or optimization of images and/or diagnostic signals. The device interfaces with the acquisition system, analyzes its output, and provides guidance and/or feedback to the operator for improving image and/or signal quality.",N,N,N,N,Ineligible,7,0,2020-02-07,2025-12-17,2026-07-31
QME,"Software For Optical Camera-Based Measurement Of Pulse Rate, Heart Rate, Breathing Rate, And/Or Respiratory Rate",2,870.2785,CV,Cardiovascular,CV,"The device uses software algorithms to analyze video signal and estimate pulse rate, heart rate, respiratory rate and/or breathing rates. This device is not intended to independently direct therapy.",N,N,N,N,Ineligible,7,0,2021-03-26,2026-02-02,2026-07-31
DXH,"Transmitters And Receivers, Electrocardiograph, Telephone",2,870.2920,CV,Cardiovascular,CV,,N,N,N,Y,Eligible,6,0,2018-09-28,2026-02-13,2026-07-31
KPR,"System, X-Ray, Stationary",2,892.1680,RA,Radiology,RA,,N,N,N,Y,Eligible,6,8,2014-01-24,2025-09-19,2026-07-31
QPF,Pediatric Autism Spectrum Disorder Diagnosis Aid,2,882.1491,NE,Neurology,NE,A pediatric Autism Spectrum Disorder diagnosis aid is a prescription device that is intended for use as an aid in the diagnosis of Autism Spectrum Disorder in pediatric patients.,N,N,N,N,Ineligible,6,0,2021-06-02,2026-03-05,2026-07-31
GKZ,"Counter, Differential Cell",2,864.5220,HE,Hematology,HE,,N,N,N,N,Ineligible,5,15,2013-03-22,2026-02-06,2026-07-31
MWI,"Monitor, Physiological, Patient (Without Arrhythmia Detection Or Alarms)",2,870.2300,CV,Cardiovascular,CV,,N,N,N,Y,Eligible,5,0,2018-01-04,2025-06-06,2026-07-31
QNL,Medium-Term Adjunctive Predictive Cardiovascular Indicator,2,870.2210,CV,Cardiovascular,CV,The adjunctive predictive cardiovascular indicator is a prescription device that uses software algorithms to analyze cardiovascular vital signs and predict future cardiovascular status or events within a defined medium-term period. This device is intended for adjunctive use with other physical vital sign parameters and patient information and is not intended to independently direct therapy.,N,N,N,N,Ineligible,5,0,2021-01-09,2024-06-21,2026-07-31
QYE,Reduced Ejection Fraction Machine Learning-Based Notification Software,2,870.2380,CV,Cardiovascular,CV,Reduced Ejection Fraction machine learning-based notification software employs machine learning techniques to suggest the likelihood of a reduced ejection fraction for further referral or diagnostic follow-up.,N,N,N,N,Ineligible,5,0,2023-09-28,2025-09-19,2026-07-31
SBF,Orthopedic Augmented Reality,2,882.4560,NE,Neurology,OR,"An orthopedic augmented reality device provides visual guidance during orthopedic procedures, where the use of stereotaxic navigation is utilized. Visual guidance is displayed as “augmented reality” stereoscopic images to intraoperatively augment the user’s field of view.",N,N,N,N,Ineligible,5,1,2024-10-16,2025-10-03,2026-07-31
GXY,"Electrode, Cutaneous",2,882.1320,NE,Neurology,NE,,N,N,N,Y,Ineligible,4,0,2018-10-05,2023-01-11,2026-07-31
JAA,"System, X-Ray, Fluoroscopic, Image-Intensified",2,892.1650,RA,Radiology,RA,,N,N,N,Y,Eligible,4,3,2018-04-05,2025-01-06,2026-07-31
OIW,"Software, Similarity Score Algorithm, Tissue Of Origin For Malignant Tumor Types",2,862.3100,TX,Clinical Toxicology,TX,This test is intended to measure the degree of similarity between the RNA expression pattern in a patient?s fresh-frozen tumor and the RNA expression patterns in a database of tumor samples for some common malignant tumor types that were diagnosed according to then current clinical and pathological practice. The test result is intended for use in the context of the patient?s clinical history and other diagnostic tests evaluated by a qualified clinician.  The test is not intended to establish the origin of tumors (e.g. carcinoma of unknown primary) that cannot be diagnosed according to current clinical and pathological practice.,N,N,N,Y,Eligible,4,0,2008-07-30,2018-03-15,2026-07-31
PIW,Brain Injury Adjunctive Interpretive Electroencephalograph Assessment Aid,2,882.1450,NE,Neurology,NE,A prescription device that uses a patient¿s electroencephalograph (EEG) to provide an interpretation of the structural condition of the patient¿s brain in the setting of trauma.  The Brain Injury Adjunctive Interpretive EEG Assessment Aid is for use as an adjunct to standard clinical practice only as an assessment aid for a medical condition for which there exists other valid methods of diagnosis.,N,N,N,N,Eligible,4,0,2014-11-17,2019-09-11,2026-07-31
POS,Physiological Signal Based Seizure Monitoring System,2,882.1580,NE,Neurology,NE,"The Physiological signal based seizure monitoring system is a prescription device that uses physiological signal to identify abnormal physiological activity that may be associated with a seizure. The System does not predict seizure onsets, and is not intended as a standalone seizure monitoring device.",N,N,N,N,Eligible,4,1,2018-12-20,2025-11-21,2026-07-31
POV,Semen Analysis Device,2,864.5220,HE,Hematology,HE,"Device used to evaluate one or more human semen parameters including semen volume, sperm concentration, total sperm number, sperm motility, sperm morphology, sperm vitality, white blood cell concentration, and pH.",N,N,N,Y,Eligible,4,0,2018-11-16,2025-05-30,2026-07-31
QEA,Brain Injury Adjunctive Interpretive Oculomotor Assessment Aid,2,882.1455,NE,Neurology,NE,A traumatic brain injury eye movement assessment aid is a prescription device that uses a patient’s tracked eye movements to provide an interpretation of the functional condition of the patient’s brain. This device is an assessment aid that is not intended for standalone detection or diagnostic purposes.,N,N,N,N,Ineligible,4,1,2018-12-28,2021-10-02,2026-07-31
QHE,Shoulder Arthroplasty Implantation System,2,888.3660,OR,Orthopedic,OR,"Intended to be used to assist in the implantation of a specific shoulder arthroplasty device or a set of specific shoulder arthroplasty devices. Indicated to  include guiding alignment, making or establishing cuts, selecting, sizing,  attaching, positioning or orienting implant components.",N,N,N,N,Ineligible,4,0,2024-08-05,2026-02-04,2026-07-31
QWO,Radiology Software For Referral Of Findings Related To Fibrotic Lung Disease.,2,892.2085,RA,Radiology,RA,Radiology software for referral of findings related to fibrotic lung disease is a prescription image processing device that analyzes computed tomography images to suggest the presence of disease or of an imaging finding suggestive of disease. The output of this device is intended to be used as adjunctive information as part of a referral pathway in the overall diagnostic assessment process.,N,N,N,N,Ineligible,4,0,2024-01-12,2025-11-07,2026-07-31
DRG,"Transmitters And Receivers, Physiological Signal, Radiofrequency",2,870.2910,CV,Cardiovascular,CV,,N,N,N,Y,Eligible,3,0,2017-11-07,2026-01-22,2026-07-31
IYE,"Accelerator, Linear, Medical",2,892.5050,RA,Radiology,RA,,N,N,N,N,Eligible,3,0,2020-02-10,2026-01-15,2026-07-31
MHX,"Monitor, Physiological, Patient(With Arrhythmia Detection Or Alarms)",2,870.1025,CV,Cardiovascular,CV,,N,N,N,N,Eligible,3,0,2008-07-17,2026-01-09,2026-07-31
MQB,Solid State X-Ray Imager (Flat Panel/Digital Imager),2,892.1680,RA,Radiology,RA,,N,N,N,Y,Eligible,3,0,2021-04-02,2022-01-14,2026-07-31
NQQ,"System, Imaging, Optical Coherence Tomography (Oct)",2,892.1560,RA,Radiology,SU,This device uses back-reflected light to create two-dimensional images versus back-reflected sound waves as are used in ultrasound imaging.,N,N,N,Y,Eligible,3,0,2018-11-02,2021-06-08,2026-07-31
PBZ,Image Processing Device For Estimation Of External Blood Loss,2,880.2750,HO,General Hospital,SU,An image processing device for estimation of external blood loss is a device to be used as an aid in estimation of patient external blood loss.  The device may include software and/or hardware that is used to process images capturing externally lost blood to estimate the hemoglobin mass and/or the blood volume present in the images.,N,N,N,N,Eligible,3,0,2016-08-05,2026-03-16,2026-07-31
PHZ,Abnormal Breath Sound Device,2,868.1900,AN,Anesthesiology,AN,"The device is intended to measure abnormal breath sound, such as wheeze, rhonchi, and whistling.",N,N,N,Y,Eligible,3,0,2023-12-13,2025-04-07,2026-07-31
QDB,Photoplethysmograph Analysis Software For Over-The-Counter Use,2,870.2790,CV,Cardiovascular,CV,A photoplethysmograph analysis software device for over-the-counter use analyzes photoplethysmograph data and provides information for identifying irregular heart rhythms. This device is not intended to provide a diagnosis.,N,N,N,N,Ineligible,3,0,2021-10-22,2023-07-21,2026-07-31
QNV,Adjunctive Hemodynamic Indicator With Decision Point,2,870.2220,CV,Cardiovascular,CV,An adjunctive hemodynamic indicator with decision point is a device that identifies and monitors hemodynamic condition(s) of interest and provides notifications at a clinically meaningful decision point. This device is intended to be used adjunctively along with other monitoring and patient information.,N,N,N,N,Ineligible,3,0,2021-03-01,2022-07-14,2026-07-31
QRG,Ultrasound Guided Nerve Block Assist,2,868.1980,AN,Anesthesiology,AN,This device provides real-time interpretation and enhanced visualization of live ultrasound images by highlighting anatomical landmarks in preparation for performing regional anesthesia.,N,N,N,N,Ineligible,3,0,2022-10-18,2025-08-15,2026-07-31
QTZ,Radiological Image Processing Software For Ablation Therapy Planning And Evaluation,2,892.2050,RA,Radiology,RA,"To provide radiological image processing tools for planning, monitoring, and evaluating ablation therapy.",N,N,N,N,Ineligible,3,0,2023-08-28,2025-09-08,2026-07-31
QUO,Adjunctive Heart Failure Status Indicator,2,870.2200,CV,Cardiovascular,CV,The adjunctive heart failure status indicator is a prescription device based on sensor technology or image data to provide information to an interpreting clinician in detecting heart failure. This device is intended for adjunctive use with other physical vital sign parameters and patient information and is not intended to independently direct therapy.,N,N,N,N,Ineligible,3,0,2023-10-06,2025-11-21,2026-07-31
SDJ,Adjunctive Cardiac Amyloidosis Status Indicator,2,870.2200,CV,Cardiovascular,CV,The adjunctive cardiac amyloidosis status indicator is a prescription device based on sensor technology or image data to provide information to an interpreting clinician in detecting cardiac amyloidosis. This device is intended for adjunctive use with other physical vital sign parameters and patient information and is not intended to independently direct therapy.,N,N,N,N,Ineligible,3,0,2024-11-15,2025-06-20,2026-07-31
DSH,"Recorder, Magnetic Tape, Medical",2,870.2800,CV,Cardiovascular,CV,,N,N,N,Y,Eligible,2,0,2017-09-27,2025-05-02,2026-07-31
DSI,"Detector And Alarm, Arrhythmia",2,870.1025,CV,Cardiovascular,CV,,N,N,N,N,Ineligible,2,0,2020-03-26,2026-01-23,2026-07-31
JIR,"Indicator Method, Protein Or Albumin (Urinary, Non-Quant.)",1,862.1645,CH,Clinical Chemistry,CH,,N,N,N,N,Eligible,2,0,2022-07-06,2023-09-08,2026-07-31
KGI,"Densitometer, Bone",2,892.1170,RA,Radiology,RA,,N,N,N,Y,Eligible,2,0,2022-07-29,2025-04-08,2026-07-31
NBW,"System, Test, Blood Glucose, Over The Counter",2,862.1345,CH,Clinical Chemistry,CH,,N,N,N,N,Ineligible,2,1,2015-12-21,2016-11-30,2026-07-31
NDC,"Calculator, Drug Dose",2,868.1890,AN,Anesthesiology,CH,,N,N,N,N,Eligible,2,0,2015-04-24,2019-02-04,2026-07-31
OBH,"Monitor, Extracellular Fluid, Lymphedema, Extremity",2,870.2770,CV,Cardiovascular,GU,"Measure impedances in affected and unaffected but opposite extremity to periodically monitor the level of extracellular fluid or the differences in bioimpedance between opposing extremities for patients who have been previously diagnosed with unilateral lymphedema (that is, in one affected extremity)",N,N,N,N,Eligible,2,1,2017-08-11,2018-04-16,2026-07-31
OTE,Digital Breast Tomosynthesis,3,,,Unknown,RA,To generate digital 3D mammographic images that can be used for the screening and diagnosis of breast cancer.,N,N,N,N,Eligible,2,0,2024-09-23,2025-11-21,2026-07-31
OUO,Tomographic Imager Combining Emission Computed Tomography With Nuclear Magnetic Resonance,2,892.1200,RA,Radiology,RA,Imager that generates both both magnetic resonance (mr)  and positron emission tomography (pet) images and provides registration and fusion of these images.  Pet and mr images can be acquired either simultaneously or sequentially.  Anatomical mr images are used for pet attenuation correction.,N,N,N,N,Eligible,2,0,2024-05-24,2026-01-15,2026-07-31
PBH,"Embryo Image Assessment System, Assisted Reproduction",2,884.6195,OB,Obstetrics/Gynecology,OB,The device will obtain and analyze light microscopy images of developing embryos.  This device provides information to aid in the selection of embryo(s) for transfer when there are multiple embryos deemed suitable for transfer or freezing .,N,N,N,N,Eligible,2,0,2019-07-19,2025-08-15,2026-07-31
PCS,Liver Iron Concentration Imaging Companion Diagnostic For Deferasirox,2,892.1001,RA,Radiology,RA,"Intended for diagnostic use to present images that reflect the magnetic resonance spectra for the determination of iron in the liver for any indication where an assessment of liver iron concentration is needed.  For non-transfusion-dependent thalassemia (NTDT) patients, is intended as an aid in the assessment of NTDT patients for whom deferasirox therapy is being considered and for monitoring of NTDT patients receiving deferasirox therapy.",N,N,N,N,Eligible,2,0,2018-11-30,2021-12-29,2026-07-31
PEX,"System, Mass Spectrometry, Maldi Tof, Microorganism Identification, Cultured Isolates",2,866.3361,MI,Microbiology,MI,A mass spectrometer system using matrix-assisted laser desorption/ ionization - time of flight (MALDI-TOF) for the identification of microorganisms cultured from human specimens.,N,N,N,N,Ineligible,2,0,2013-08-21,2013-11-21,2026-07-31
PLB,Multivariate Vital Signs Index,2,870.2300,CV,Cardiovascular,CV,Automated calculation of a summary index (or indices) based on several individual measured vital sign inputs.,N,N,N,N,Eligible,2,0,2015-06-11,2019-08-15,2026-07-31
PNN,Orthodontic Software,2,872.5470,DE,Dental,DE,The device is software that is to be used for the diagnosis and treatment planning of orthodontic patients and conditions. It may include orthodontic output devices used for the treatment of orthodontics. The device is intended for prescription use only.,N,N,N,Y,Eligible,2,0,2018-01-11,2024-05-16,2026-07-31
PPU,Microbial Colony Image Assessment System,2,866.2190,MI,Microbiology,MI,"A microbial colony image assessment system is an instrument that is intended to assess the presence or absence of microbial colonies on solid microbiological culture medium, and to interpret their number, phenotypic and morphologic characteristics. This device type provides a semi-quantitative assessment of colony counts that are used as an aid in the diagnosis of urinary tract infection. All urine culture plates that are identified as positive for growth by the APAS Compact, when using its urine analysis module, must be reviewed by a trained microbiologist.",N,N,N,Y,Eligible,2,0,2019-05-15,2026-01-22,2026-07-31
PZP,Fluid Jet Removal System,2,876.4350,SU,"General, Plastic Surgery",GU,The system is used for removal of prostate tissue with a fluid jet.,N,N,N,N,Eligible,2,0,2024-08-20,2025-10-10,2026-07-31
QAQ,Adjunctive Predictive Cardiovascular Indicator,2,870.2210,CV,Cardiovascular,CV,The adjunctive predictive cardiovascular indicator is a prescription device that uses software algorithms to analyze cardiovascular vital signs and predict future cardiovascular status or events. This device is intended for adjunctive use with other physical vital sign parameters and patient information and is not intended to independently direct therapy.,N,N,N,N,Ineligible,2,0,2018-03-16,2019-05-21,2026-07-31
QCC,Insulin Pump Therapy Adjustment Calculator For Healthcare Professionals,2,862.1358,CH,Clinical Chemistry,CH,"An insulin pump therapy adjustment calculator for healthcare professionals is intended to recommend insulin pump therapy parameter adjustments (e.g., basal rate, insulin to carbohydrate ratios, insulin sensitivity factors) based on data from external devices, including continuous glucose monitors.",N,N,N,N,Ineligible,2,0,2018-06-12,2019-07-18,2026-07-31
QDA,Electrocardiograph Software For Over-The-Counter Use,2,870.2345,CV,Cardiovascular,CV,"An electrocardiograph software device for over-the-counter use creates, analyzes, and displays electrocardiograph data, and can provide information for identifying cardiac arrhythmias. This device is not intended to provide a diagnosis.",N,N,N,N,Ineligible,2,0,2023-05-02,2025-06-15,2026-07-31
QEK,Angiographic Coronary Vascular Physiologic Simulation Software,2,870.1415,CV,Cardiovascular,CV,An angiographic coronary vascular physiologic simulation software device is intended to aid in the identification of functionally significant cardiovascular disease.,N,N,N,N,Ineligible,2,0,2018-12-19,2019-12-09,2026-07-31
QER,"Camera, Ophthalmic, Slit-Scanning",2,886.1120,OP,Ophthalmic,OP,An ophthalmic slit-scanning camera is an AC-powered device intended to take photographs of the eye and the surrounding area.,N,N,N,Y,Ineligible,2,0,2019-06-25,2025-04-17,2026-07-31
QHA,X-Ray Angiographic Imaging Based Coronary Vascular Simulation Software Device,2,892.1600,RA,Radiology,RA,"X-ray angiographic imaging based coronary vascular simulation software device is a prescription device that provides an image analysis tool to assess blood flow in the coronary vascular system using X-ray angiographic imaging data.  X-ray angiographic imaging based coronary vascular simulation software device solves algorithms and yields simulation-based metrics for certain cardiology applications. X-ray angiographic imaging based coronary vascular simulation software device cannot be used alone for clinical decision making and clinical management, and is a tool intended to generate results for use and review by a qualified clinician.",N,N,N,N,Ineligible,2,0,2025-04-04,2025-10-17,2026-07-31
QPN,Software Algorithm Device To Assist Users In Digital Pathology,2,864.3750,PA,Pathology,PA,"A software algorithm device to assist users in digital pathology is an in vitro diagnostic device intended to evaluate acquired scanned pathology whole slide images. The device uses software algorithms to provide information to the user about presence, location, and characteristics of areas of the image with clinical implications. Information from this device is intended to assist the user in determining a pathology diagnosis.",N,N,N,N,Ineligible,2,0,2021-09-21,2025-01-24,2026-07-31
QZB,Software Controlled Endoscope And Instrument Holder,2,876.1500,GU,"Gastroenterology, Urology",SU,To hold and position endoscopes and instruments.,N,N,N,N,Ineligible,2,0,2025-03-14,2025-06-27,2026-07-31
QZF,Gastrointestinal Capsule Endoscopy Analysis Software Device,2,876.1540,GU,"Gastroenterology, Urology",GU,"A gastrointestinal capsule endoscopy analysis software device is used to analyze pre-recorded capsule endoscopy videos of the gastrointestinal tract that are suspected of containing lesions. This device uses software algorithms to identify images and areas of interest as outputs to aid the clinician in analyzing suspected lesions, for clinician review of device outputs. The device may contain hardware to support interfacing with a capsule imaging system.",N,N,N,N,Ineligible,2,0,2023-12-12,2026-03-12,2026-07-31
QZW,Over-The-Counter Device To Assess Risk Of Sleep Apnea,2,868.2378,AN,Anesthesiology,AN,"An over-the-counter device to assess risk of sleep apnea is intended to provide a notification of the risk of sleep apnea in users who have not been  previously diagnosed with sleep apnea. This device uses software algorithms to analyze input sensor signals and provide a risk assessment for sleep apnea. It is not intended to provide a standalone diagnosis, replace traditional methods of diagnosis (e.g., polysomnography), assist clinicians in diagnosing sleep disorders, or be used as an apnea monitor.",N,N,N,N,Ineligible,2,0,2024-02-06,2024-09-13,2026-07-31
SAO,Radiology Software For Opportunistic Evaluation Of Low Bone Mineral Density,2,892.1171,RA,Radiology,RA,This device is software which opportunistically assesses radiological images to estimate bone mineral density (BMD) intended to assist in a healthcare professional's decision to evaluate patients for possible low BMD within a bone health screening program. The software employs an algorithm that estimates  BMD using eligible radiological image data obtained for other clinical purposes.,N,N,N,N,Ineligible,2,0,2024-04-09,2025-09-02,2026-07-31
SAT,Pulmonary Hypertension Machine Learning-Based Notification Software,2,870.2380,CV,Cardiovascular,CV,Pulmonary hypertension machine learning-based notification software employs machine learning techniques to suggest the likelihood of pulmonary hypertension for further referral or diagnostic follow-up.,N,N,N,N,Ineligible,2,0,2024-04-05,2026-03-28,2026-07-31
BXQ,Rhinoanemometer (Measurement Of Nasal Decongestion),2,868.1800,AN,Anesthesiology,AN,,N,N,N,Y,Eligible,1,0,2022-10-05,2022-10-05,2026-07-31
BZD,"Ventilator, Non-Continuous (Respirator)",2,868.5905,AN,Anesthesiology,AN,,N,N,N,N,Eligible,1,0,2025-12-05,2025-12-05,2026-07-31
BZG,"Spirometer, Diagnostic",2,868.1840,AN,Anesthesiology,AN,,N,N,N,Y,Eligible,1,0,2020-01-02,2020-01-02,2026-07-31
BZQ,"Monitor, Breathing Frequency",2,868.2375,AN,Anesthesiology,AN,,N,N,N,Y,Eligible,1,0,2025-02-28,2025-02-28,2026-07-31
DPT,"Probe, Blood-Flow, Extravascular",2,870.2120,CV,Cardiovascular,CV,,N,N,N,Y,Eligible,1,0,2017-08-17,2017-08-17,2026-07-31
DQA,Oximeter,2,870.2700,CV,Cardiovascular,AN,,N,N,N,N,Eligible,1,0,2019-03-29,2019-03-29,2026-07-31
DSB,"Plethysmograph, Impedance",2,870.2770,CV,Cardiovascular,CV,,N,N,N,Y,Eligible,1,0,2017-12-22,2017-12-22,2026-07-31
GEH,"Unit, Cryosurgical, Accessories",2,878.4350,SU,"General, Plastic Surgery",SU,,N,N,N,Y,Eligible,1,0,2025-01-29,2025-01-29,2026-07-31
GWF,"Stimulator, Electrical, Evoked Response",2,882.1870,NE,Neurology,NE,,N,N,N,Y,Eligible,1,1,2026-01-11,2026-01-11,2026-07-31
GWN,Nystagmograph,2,882.1460,NE,Neurology,NE,,N,N,N,Y,Eligible,1,0,2018-09-28,2018-09-28,2026-07-31
GYD,"Transducer, Tremor",2,882.1950,NE,Neurology,NE,,N,N,N,Y,Eligible,1,0,2023-03-17,2023-03-17,2026-07-31
HGM,"System, Monitoring, Perinatal",2,884.2740,OB,Obstetrics/Gynecology,OB,,N,N,N,Y,Ineligible,1,0,2025-01-10,2025-01-10,2026-07-31
IZL,"System, X-Ray, Mobile",2,892.1720,RA,Radiology,RA,,N,N,N,Y,Eligible,1,0,2022-02-04,2022-02-04,2026-07-31
JFY,"Enzymatic Method, Creatinine",2,862.1225,CH,Clinical Chemistry,CH,,N,N,N,Y,Eligible,1,0,2019-07-26,2019-07-26,2026-07-31
JIL,"Method, Enzymatic, Glucose (Urinary, Non-Quantitative)",2,862.1340,CH,Clinical Chemistry,CH,,N,N,N,Y,Eligible,1,0,2018-07-18,2018-07-18,2026-07-31
KWS,"Prosthesis, Shoulder, Semi-Constrained, Metal/Polymer Cemented",2,888.3660,OR,Orthopedic,OR,,Y,N,N,N,Eligible,1,0,2025-01-30,2025-01-30,2026-07-31
LDK,"Device, Sensing, Optical Contour",U,,,Unknown,PM,,N,N,N,N,Eligible,1,0,2023-10-04,2023-10-04,2026-07-31
LEL,"Device, Sleep Assessment",2,882.5050,NE,Neurology,NE,,N,N,N,N,Eligible,1,0,2024-04-03,2024-04-03,2026-07-31
LKM,"Counter, Urine Particle",2,864.5200,HE,Hematology,HE,,N,N,N,Y,Eligible,1,0,2024-05-03,2024-05-03,2026-07-31
MAX,"Intervertebral Fusion Device With Bone Graft, Lumbar",2,888.3080,OR,Orthopedic,OR,Intended to stabilize spinal segment to promote fusion in order to restrict motion and decrease pain using bone graft.,Y,N,N,N,Eligible,1,0,2025-03-21,2025-03-21,2026-07-31
MKJ,Automated External Defibrillators (Non-Wearable),3,870.5310,CV,Cardiovascular,CV,"This device is a non-wearable prescription use only aed.  These are devices that include automated external defibrillation.  Automated external defibrillators use external pad-type electrodes to sense, detect, classify and treat (with an electrical shock) ventricular fibrillation.  These devices are intended to be used on suspected victims of sudden cardiac arrest.  A person in cardiac arrest is unresponsive and is not breathing normally.  The device can be sold with prescription only.",N,N,N,N,Ineligible,1,0,2022-10-31,2022-10-31,2026-07-31
MLO,"Electrocardiograph, Ambulatory, With Analysis Algorithm",2,870.2800,CV,Cardiovascular,CV,,N,N,N,N,Eligible,1,0,2020-09-02,2020-09-02,2026-07-31
MNM,"Reader, Cervical Cytology Slide, Automated",3,,,Unknown,PA,,N,N,N,N,Ineligible,1,0,1995-11-08,1995-11-08,2026-07-31
MRZ,"Accessories, Pump, Infusion",2,880.5725,HO,General Hospital,HO,,N,N,N,N,Eligible,1,0,2019-11-04,2019-11-04,2026-07-31
MUD,"Oximeter, Tissue Saturation",2,870.2700,CV,Cardiovascular,SU,,N,N,N,Y,Eligible,1,0,2019-11-01,2019-11-01,2026-07-31
MVK,Wearable Automated External Defibrillator,3,,,Unknown,CV,The device is an automatic external defibrillator which monitors and treats a patient for ventricular defibrillation.  Device is intended to be worn in home or in hospital settings as prescribed and overseen by a physician.,N,Y,N,N,Ineligible,1,0,2025-04-30,2025-04-30,2026-07-31
MWJ,"Electrocardiograph, Ambulatory (Without Analysis)",2,870.2800,CV,Cardiovascular,CV,,N,N,N,N,Eligible,1,0,2024-05-07,2024-05-07,2026-07-31
MWM,"Sensor, Electro-Optical (For Cervical Cancer)",3,,,Unknown,OB,An optical detection system for the identification of areas on the cervix likely to contain cancer or precancerous cells.,N,N,N,N,Ineligible,1,1,2006-03-16,2006-03-16,2026-07-31
MYE,"System, Electrogastrography (Egg)",2,876.1735,GU,"Gastroenterology, Urology",GU,,N,N,N,N,Eligible,1,0,2025-12-05,2025-12-05,2026-07-31
NAY,"System, Surgical, Computer Controlled Instrument",2,876.1500,GU,"Gastroenterology, Urology",SU,"If the device is reusable, validated reprocessing instructions and reprocessing validation data for this device type must be included in a 510(k) submission (82 FR 26807, available at https://www.gpo.gov/fdsys/pkg/FR-2017-06-09/pdf/2017-12007.pdf).",N,N,N,N,Ineligible,1,0,2018-05-25,2018-05-25,2026-07-31
NCG,Neuropsychiatric Interpretative Electroencephalograph Assessment Aid,2,882.1440,NE,Neurology,NE,"Uses a patient's electroencephalograph (EEG) to provide an interpretation of the patient's neuropsychiatric condition.  It is also used only as an assessment aid for a medical condition for which there exists other valid methods of diagnosis.""",N,N,N,N,Eligible,1,0,2025-12-08,2025-12-08,2026-07-31
NFJ,"System, Image Management, Ophthalmic",2,892.2050,RA,Radiology,OP,,N,N,N,Y,Eligible,1,0,2015-02-27,2015-02-27,2026-07-31
NMN,"Instrument, Clip, Forming/Cutting, Reprocessed",1,882.4190,NE,Neurology,NE,"Reprocessing validation data for this device type must be included in a 510(k) submission. (70 FR 56911, available at https://www.govinfo.gov/content/pkg/FR-2005-09-29/pdf/05-19510.pdf).",N,N,N,Y,Ineligible,1,1,1995-09-29,1995-09-29,2026-07-31
NVI,"Diagnostic Software, K-Nearest Neighbor Algorithm, Autoimmune Disease",2,862.3100,TX,Clinical Toxicology,IM,The device is intended to suggest a systemic autoimmune disease association as an aid for differential diagnosis to be evaluated in conjunction with clinical findings and other laboratory tests.,N,N,N,Y,Eligible,1,2,2005-10-27,2005-10-27,2026-07-31
OEE,Diagnostic Low Electric Field,3,,,Unknown,SU,As an adjunctive tool to guide the shavings of tissue at the margins of the tumor for use in excisional breast surgery to assist in locating the tissue for excision. In addition to other standard methods such as intraoperative imaging and palpation.,N,N,N,N,Eligible,1,0,2012-12-27,2012-12-27,2026-07-31
OLV,Standard Polysomnograph With Electroencephalograph,2,882.1400,NE,Neurology,NE,"Acquire, display, store, and archive electroencephalographic signals from the brain and other signals (such as electromyography, respiratory and/or oximetry signals) for sleep recordings.  May also be used to allow on-screen review, user-controlled annotation and user-controlled marking of data.",N,N,N,Y,Eligible,1,0,2025-02-20,2025-02-20,2026-07-31
ONV,Electrical Impedance Spectrometer,2,878.1820,SU,"General, Plastic Surgery",SU,An electrical impedance spectrometer is a prescription device that measures and analyzes electrical impedance properties of a skin lesion. The device is intended for use by a physician trained in the clinical diagnosis and management of skin cancer as an adjunctive device following identification of a suspicious skin lesion. The output given by the device is intended to be used in combination with clinical and historical signs of skin cancer to obtain additional information prior to a decision to biopsy. It is not for use as a standalone diagnostic and is not for use to confirm a clinical diagnosis Please reference https://www.federalregister.gov/documents/2026/03/25/2026-05772/general-and-plastic-surgery-devices-reclassification-of-optical-diagnostic-devices-for-melanoma.,N,N,N,N,Eligible,1,0,2017-06-28,2017-06-28,2026-07-31
OOG,Knee Arthroplasty Implantation System,2,888.3560,OR,Orthopedic,OR,"Intended to be used to assist in the implantation of a specific knee arthroplasty device or a set of specific knee arthroplasty devices.  Indicated to include guiding alignment, making or establishing cuts, selecting, sizing, attaching, positioning or orienting implant components.",N,N,N,N,Eligible,1,0,2023-12-20,2023-12-20,2026-07-31
OXO,"Image-Intensified Fluoroscopic X-Ray System, Mobile",2,892.1650,RA,Radiology,RA,Fluoroscopy of the human body.,N,N,N,Y,Eligible,1,0,2025-11-26,2025-11-26,2026-07-31
OYD,Optical Diagnostic Device For Melanoma Detection,2,878.1820,SU,"General, Plastic Surgery",SU,An optical diagnostic device for melanoma detection is a prescription device that measures and analyzes optical properties of a skin lesion. The device is intended for use by a physician trained in the clinical diagnosis and management of skin cancer as an adjunctive device following identification of a suspicious skin lesion. The output given by the device is intended to be used in combination with clinical and historical signs of skin cancer to obtain additional information prior to a decision to biopsy. It is not for use as a standalone diagnostic and is not for use to confirm a clinical diagnosis. Please reference https://www.federalregister.gov/documents/2026/03/25/2026-05772/general-and-plastic-surgery-devices-reclassification-of-optical-diagnostic-devices-for-melanoma.,N,N,N,N,Eligible,1,1,2011-11-01,2011-11-01,2026-07-31
OZE,Influenza A And Influenza B Multiplex Nucleic Acid Assay,2,866.3980,MI,Microbiology,MI,An Influenza A and Influenza B multiplex nucleic acid assay is a multiplex in vitro diagnostic test for the simultaneous qualitative detection and discrimination of influenza A and influenza B nucleic acids isolated and purified from human respiratory specimens obtained from individuals exhibiting signs and symptoms of respiratory tract infections or viral culture. The detection and discrimination of influenza A and B nucleic acids from symptomatic patients aid in the diagnosis of human respiratory tract influenza viral infections if used in conjunction with other clinical and laboratory findings.,N,N,N,N,Ineligible,1,0,2019-04-22,2019-04-22,2026-07-31
PGW,"Ear, Nose, And Throat Stereotaxic Instrument",2,882.4560,NE,Neurology,EN,Intended as an aid for precisely locating a surgical instrument within anatomical structures in either open or percutaneous procedures for any medical condition in which a reference to a rigid anatomical structure in the field of ENT surgery can be identified relative to a CT- or MR-based model or digitized landmarks of the anatomy.,N,N,N,N,Eligible,1,0,2023-04-27,2023-04-27,2026-07-31
PPW,Adjunctive Cardiovascular Status Indicator,2,870.2200,CV,Cardiovascular,CV,The adjunctive cardiovascular status indicator is a prescription device based on sensor technology for the measurement of a physical parameter(s). This device is intended for adjunctive use with other physical vital sign parameters and patient information and is not intended to independently direct therapy.,N,N,N,N,Ineligible,1,0,2025-12-16,2025-12-16,2026-07-31
PQP,"Next Generation Sequencing Oncology Panel, Somatic Or Germline Variant Detection System",3,,,Unknown,PA,A next generation sequencing (NGS) oncology panel is a device used for the qualitative detection of germline or somatic variants in one or more cancer-related genes. The device is intended to be used on DNA or RNA isolated from human clinical specimens.,N,N,N,N,Eligible,1,0,2023-04-28,2023-04-28,2026-07-31
PRE,Rt-Qpcr Assay For Mrna Transcript Immune Biomarkers,2,866.3215,MI,Microbiology,MI,A quantitative gene expression assay using reverse transcription polymerase chain reaction to quantify the relative expression levels of host response genes isolated from whole blood.,N,N,N,N,Eligible,1,0,2025-01-10,2025-01-10,2026-07-31
PRH,Positive Blood Culture Identification And Ast Kit,2,866.1650,MI,Microbiology,MI,"Fluorescence in situ hybridization (FISH) identification and quantitative, antimicrobial susceptibility testing (AST) kit intended for simultaneous detection and identification of multiple microbial targets.",N,N,N,N,Eligible,1,2,2020-09-15,2020-09-15,2026-07-31
PTA,Genetic Variant Detection And Health Risk Assessment System,2,866.5950,IM,Immunology,IM,A qualitative in vitro molecular test that detects variants in genomic DNA isolated from human specimens. This assessment system provides users with a genetic health risk assessment of developing a disease and is intended to inform users of lifestyle choices and/or encourage conversations with a healthcare professional. This assessment system is for over-the-counter use. This device does not determine the person’s overall risk of developing a disease.,N,N,N,N,Eligible,1,0,2017-04-06,2017-04-06,2026-07-31
PZM,Next Generation Sequencing Based Tumor Profiling Test,2,866.6080,PA,Pathology,PA,A next-generation sequencing based tumor profiling test is a qualitative in vitro diagnostic test intended to detect mutations in a broad panel of targeted genes that are somatically altered in malignant neoplasms from tumor specimens obtained from patients diagnosed with malignant solid neoplasms using targeted next-generation sequencing.,N,N,N,Y,Ineligible,1,0,2025-08-29,2025-08-29,2026-07-31
QBC,External Upper Limb Tremor Stimulator,2,882.5897,NE,Neurology,NE,An external upper limb tremor stimulator is a prescription device which is placed externally on the upper limb and designed to aid in tremor symptom relief of the upper limb.,N,N,N,N,Ineligible,1,0,2025-07-01,2025-07-01,2026-07-31
QCJ,Closed Loop Auto Titration Device For Oral Appliances,2,872.5571,DE,Dental,DE,A closed-loop autotitration device for intraoral appliances uses a feedback control to record changes in the patient’s respiratory status related to repositioning of the mandible during an overnight study.  The data are analyzed by a Healthcare Provider and can then be used to prospectively identify patients with mild to moderate obstructive sleep apnea who may be suitable for therapy with an oral appliance and to recommend a target mandibular position.,N,N,N,N,Ineligible,1,0,2018-08-23,2018-08-23,2026-07-31
QFJ,Intravascular Bleed Monitor,2,870.1345,CV,Cardiovascular,CV,"An intravascular bleed monitor is a probe, catheter, or catheter introducer that measures changes in bioimpedance and uses an algorithm to detect or monitor progression of potential internal bleeding complications.",N,N,N,N,Ineligible,1,0,2023-05-25,2023-05-25,2026-07-31
QJB,"Adjunct Monitor, Protein Calorie Malnutrition",2,870.2770,CV,Cardiovascular,GU,Device applies an alternating current of one specified frequency or more through skin-surface electrodes to estimate one or more the body composition parameters.,N,N,N,N,Ineligible,1,0,2019-11-25,2019-11-25,2026-07-31
QKQ,Digital Pathology Image Viewing And Management Software,2,864.3700,PA,Pathology,PA,Digital pathology image viewing and management software device is a software intended for viewing and management of digital images of scanned surgical pathology slides prepared from formalin-fixed paraffin embedded (FFPE) tissue. It is an aid to the pathologist to review and interpret these digital images for the purposes of primary diagnosis.,N,N,N,N,Ineligible,1,0,2025-12-09,2025-12-09,2026-07-31
QMS,Adjunctive Open Loop Fluid Therapy Recommender,2,870.5600,CV,Cardiovascular,CV,The adjunctive open loop fluid therapy recommender is a prescription device that uses software algorithms to analyze cardiovascular vital signs and predict a patient’s estimated response to fluid therapy. The device is intended for adjunctive use with other physical vital sign parameters and patient information and is not intended to independently direct therapy.,N,N,N,Y,Ineligible,1,0,2024-08-02,2024-08-02,2026-07-31
QNK,Optoacoustic Imaging System,3,,,Unknown,RA,The device is indicated for imaging the breast using optoacoustic technology for breast cancer diagnosis,N,N,N,N,Ineligible,1,0,2021-01-11,2021-01-11,2026-07-31
QOK,Hardware And Software For Optical Camera-Based Measurement Of Heart Rate And Respiratory Rate,2,870.2786,CV,Cardiovascular,CV,"The device uses an optical sensor system and software algorithms to obtain and analyze video signal and estimate pulse rate, heart rate, respiratory rate and/or breathing rates. This device is not intended to independently direct therapy.",N,N,N,N,Ineligible,1,0,2021-04-01,2021-04-01,2026-07-31
QQI,Interventional Cardiovascular Implant Simulation Software Device,2,870.1405,CV,Cardiovascular,CV,An interventional cardiovascular implant simulation software device is a prescription device that provides a computer simulation of an interventional cardiovascular implant device inside a patient’s cardiovascular anatomy. It performs computational modeling to predict the interaction of the interventional cardiovascular implant device with the patient-specific anatomical environment.,N,N,N,N,Ineligible,1,0,2021-09-08,2021-09-08,2026-07-31
QRY,Dental Navigation System,2,872.4120,DE,Dental,DE,Intended to provide real-time guidance on the orientation and location of the dental instrument relative to the patient's anatomy for general dentistry procedures.,N,N,N,N,Ineligible,1,2,2024-02-21,2024-02-21,2026-07-31
QVD,Radiological Machine Learning Based Quantitative Imaging Software With Change Control Plan,2,892.2055,RA,Radiology,RA,"A radiological machine learning quantitative imaging software with predetermined change control plan is a software-only device which employs machine learning algorithms on radiological images to provide quantitative imaging outputs. The device includes  functions to support outputs such as view selection, segmentation and landmarking. The design specifications include planned modifications that may be made to the device consistent with an established predetermined change control plan.",N,N,N,N,Ineligible,1,0,2023-02-24,2023-02-24,2026-07-31
QVE,Adjunctive Pain Measurement Device For Anesthesiology,2,868.2200,AN,Anesthesiology,AN,An adjunctive pain measurement device for anesthesiology is a prescription device that includes software algorithms to analyze physiological sensor data and measure response to painful stimuli in patients under general anesthesia. The device may be software-only or it may include hardware such as physiological sensors. This device type is intended for adjunctive use to tailor analgesic administration to a patient’s actual response to painful stimuli and is not intended to independently direct decision-making.,N,N,N,N,Ineligible,1,0,2023-02-17,2023-02-17,2026-07-31
QVT,Monitor For Opioid Induced Impairment Of Oxygenation,2,868.2250,AN,Anesthesiology,AN,A monitor for opioid induced impairment of oxygenation is a device that uses sensor hardware and  software algorithms to detect desaturations of arterial oxygen saturation resulting from opioid overdose,N,N,N,N,Ineligible,1,0,2023-03-31,2023-03-31,2026-07-31
QWT,Prognostic Assessment Software Of Mild Cognitive Impairment,2,882.1454,NE,Neurology,NE,"Prognostic assessment software of mild cognitive impairment. Prognostic assessment software of mild cognitive impairment is a prescription-only device that combines information from multiple clinical data sources to produce an output indicative of the likelihood that a patient diagnosed with mild cognitive impairment will progress to more severe forms of cognitive impairment, or will develop dementia, such as Alzheimer’s disease dementia, within a specified period of time. This device is intended for adjunctive use and not intended as a stand-alone diagnostic or prognostic too.",N,N,N,N,Ineligible,1,0,2024-01-11,2024-01-11,2026-07-31
QWZ,Prognostic Test For Assessment Of Chronic Kidney Disease Progression,2,862.1223,CH,Clinical Chemistry,CH,"A prognostic test for assessment of chronic kidney disease progression is an in vitro diagnostic device intended to measure one or more analytes obtained from human samples as an aid in assessing the risk for progression of   chronic kidney disease. This device is not intended for diagnosis of any disease, for serial monitoring of kidney disease progression, or for monitoring the effect of any therapeutic product.",N,N,N,N,Ineligible,1,0,2023-06-29,2023-06-29,2026-07-31
QXO,Cardiovascular Machine Learning-Based Notification Software,2,870.2380,CV,Cardiovascular,CV,Cardiovascular machine learning-based notification software employs machine learning techniques to suggest the likelihood of a   cardiovascular disease or condition for further referral or diagnostic follow-up. The software identifies a single condition based on one or more non-invasive physiological inputs as part of routine medical care. It is intended as the basis for further testing and is not intended to provide diagnostic quality output. It is not intended to identify or detect arrhythmias.,N,N,N,N,Ineligible,1,0,2023-08-03,2023-08-03,2026-07-31
QXX,Coronary Artery Disease Machine Learning-Based Notification Software,2,870.2380,CV,Cardiovascular,CV,Coronary Artery Disease machine learning-based notification software employs machine learning techniques to suggest the likelihood of coronary artery disease for further referral or diagnostic follow-up.,N,N,N,N,Ineligible,1,0,2023-09-08,2023-09-08,2026-07-31
QXZ,Adjunctive Epicardial Vascular Physiologic Status Indicator,2,870.2200,CV,Cardiovascular,CV,The adjunctive epicardial vascular physiologic status indicator is a prescription device based on sensor technology or image data to provide information to an interpreting clinician in detecting the possible presence of functionally significant coronary artery disease to suggest the need for further testing. This device is intended for adjunctive use with other clinical workup or patient information and is not intended to quantify the degree to which epicardial disease is limiting flow through a vessel nor is it intended to independently direct therapy.,N,N,N,N,Ineligible,1,0,2023-09-08,2023-09-08,2026-07-31
QYV,Digital Cervical Cytology Slide Imaging System With Artificial Intelligence Algorithm,2,864.3900,PA,Pathology,PA,"The digital cervical cytology slide imaging system with artificial intelligence   (AI) algorithm is a prescription in vitro diagnostic device consisting of an automated digital slide creation, viewing, and management system intended to aid in the review of digital images of slides prepared from Pap test specimens and conventional Pap smears by selecting and presenting areas of interest to facilitate interpretation by the reader. The AI software algorithm uses machine learning techniques to provide information to the user about the presence, location, or characteristics of areas of the image with clinical implications. Information from this device is intended to assist the user in rendering a cytology diagnosis.",N,N,N,N,Ineligible,1,0,2024-01-31,2024-01-31,2026-07-31
QZS,Software-Aided Adjunctive Diagnostic Device For Use By Physicians On Lesions Suspicious For Skin Cancer,2,878.1830,SU,"General, Plastic Surgery",SU,A software-aided adjunctive diagnostic device for use by physicians on lesions suspicious for skin cancer is a prescription device that uses a software algorithm to analyze optical or other physical properties of a skin lesion and returns a classification of the skin lesion.  The device is intended for use by a physician not trained in the clinical diagnosis and management of skin cancer as an adjunctive second-read device following identification of a suspicious skin lesion.  It is not for use as a standalone diagnostic and is not for use to confirm a clinical diagnosis.,N,N,N,N,Ineligible,1,0,2024-01-12,2024-01-12,2026-07-31
SAK,Software Device To Aid In The Prediction Or Diagnosis Of Sepsis,2,880.6316,HO,General Hospital,GU,A software device to aid in the prediction or diagnosis of sepsis uses advanced algorithms to analyze patient specific data to aid health care providers in the prediction and/or diagnosis of sepsis. The device is intended for adjunctive use and is not intended to be used as the sole determining factor in assessing a patient's sepsis status. The device may contain alarms that alert the care provider of the patient's status. The device is not intended to monitor response to treatment in patients being treated for sepsis.,N,N,N,N,Ineligible,1,0,2024-04-02,2024-04-02,2026-07-31
SAR,Adjunctive Hemodynamic Indicator With Decision Point For Military Use,2,870.2220,CV,Cardiovascular,CV,An adjunctive hemodynamic indicator with decision point is a device that identifies and monitors hemodynamic condition(s) of interest and provides notifications at a clinically meaningful decision point. This device is intended to be used adjunctively along with other monitoring and patient information. The device is intended for use by the Military.,N,N,N,N,Ineligible,1,0,2024-04-05,2024-04-05,2026-07-31
SAX,Home Monitoring Ophthalmic Optical Coherence Tomography (Oct) Imaging Device,2,886.1600,OP,Ophthalmic,OP,A home monitoring ophthalmic imaging device is a prescription self-imaging device that incorporates imaging system hardware and automated image processing and analysis to enable patients at home to provide measurements that are intended for use by a physician for monitoring ophthalmic diseases or conditions in between regularly scheduled assessments.,N,N,N,N,Ineligible,1,0,2024-05-15,2024-05-15,2026-07-31
SBC,Dental Image Analyzer,2,872.1770,DE,Dental,DE,"A dental image analyzer is a prescription home use device that uses software intended to collect and analyze patient-specific, optical camera-based, intraoral images. The analyses are provided to dental health care professionals as an aid to diagnosis of oral health conditions and/or to monitor treatment progress.",N,N,N,N,Ineligible,1,0,2024-05-17,2024-05-17,2026-07-31
SBQ,Atrial Fibrillation Risk Prediction Machine Learning-Based Notification Software,2,870.2380,CV,Cardiovascular,CV,Atrial Fibrillation Risk Prediction machine learning-based notification software employs machine learning techniques to suggest the likelihood of a future occurrence of atrial fibrillation for further referral or diagnostic follow-up.,N,N,N,N,Ineligible,1,0,2024-06-21,2024-06-21,2026-07-31
SDY,Loss Of Pulse Notification Software,2,870.2790,CV,Cardiovascular,CV,A photoplethysmograph analysis software device for over-the-counter use analyzes photoplethysmograph data and provides information for identifying loss of pulse. This device is not intended to provide a diagnosis.,N,N,N,N,Ineligible,1,0,2025-02-25,2025-02-25,2026-07-31
SEZ,Radiological Software Device To Predict Future Breast Cancer Risk,2,892.8500,RA,Radiology,RA,"A radiological software device to predict future breast cancer risk is a device that analyzes radiological images generated by breast imaging modalities and/or inputs derived from radiological images to provide qualified healthcare professionals with a prediction of the risk of future (incident) breast cancer. This device produces a numeric probability and/or risk category indicative of the patient’s future breast cancer risk from the time the analyzed images were acquired. This device is not intended to diagnose, detect, or inform the treatment of cancer. The output of this device is not intended to guide interpretation of imaging exams.",N,N,N,N,Ineligible,1,0,2025-05-30,2025-05-30,2026-07-31
SFE,Endoscopic Video Imaging System / Software Component For Real Time Video Augmentation,2,876.1500,GU,"Gastroenterology, Urology",SU,To allow for visualization of body cavities through an endoscope with real time augmentation of video images via software to a monitor.,N,N,N,N,Ineligible,1,0,2025-06-24,2025-06-24,2026-07-31
SFH,Pathology Software Algorithm Device Analyzing Digital Images For Cancer Prognosis,2,864.3755,PA,Pathology,PA,A pathology software algorithm device analyzing digital images for cancer prognosis is a software intended to analyze scanned whole slide images (WSIs) from prostate biopsies prepared from formalin fixed paraffin-embedded (FFPE) tissue and stained using Hematoxylin & Eosin (H&E) stains.  The device provides prognostic risk estimates which are intended to assist physicians with prognostic risk-based decisions along with other clinicopathological factors. The device is not intended to determine a clinical diagnosis.,N,N,N,N,Ineligible,1,0,2025-07-31,2025-07-31,2026-07-31
SFR,Hypertension Machine Learning-Based Notification Software,2,870.2380,CV,Cardiovascular,CV,Hypertension machine learning-based notification software employs machine learning techniques to suggest the likelihood of hypertension for further referral or diagnostic follow-up.,N,N,N,N,Ineligible,1,0,2025-09-11,2025-09-11,2026-07-31
SGH,Ultrasound Imaging For Vascular Access For Hemodialysis,2,892.1560,RA,Radiology,GU,Ultrasound imaging for vascular access for hemodialysis,N,N,N,N,Ineligible,1,0,2025-10-17,2025-10-17,2026-07-31
SHE,Radiological Software System For Delivery Date Prediction,2,892.8200,RA,Radiology,RA,A radiological software system for delivery date prediction is a software-only device that analyzes obstetric radiological images to predict the delivery date of a pregnancy. The device output does not replace a clinician's review or judgment on the progression of a pregnancy and should be used in conjunction with other clinical and diagnostic findings. The device does not identify at-risk pregnancies or identify specific complications.,N,N,N,N,Ineligible,1,0,2026-02-11,2026-02-11,2026-07-31
SHH,Oct Imaging System With Ai/Ml Software For Adjunctive Detection Of Breast Cancer,3,,,Unknown,SU,"Intended as an adjunctive tool for intraoperative imaging and detection of cancer in breast tissue during excisional breast surgery (e.g., lumpectomy).",N,N,N,N,Ineligible,1,0,2026-03-03,2026-03-03,2026-07-31
SHL,"Ear, Nose, And Throat Image Analyzer",2,874.4775,EN,"Ear, Nose, Throat",EN,"An ear, nose, and throat image analyzer is a device that uses software to analyze patient-specific optical images of the ear, nose, and throat area. The results are provided to healthcare providers as an aid to detection, diagnosis, or monitoring of ear, nose, and throat conditions.",N,N,N,N,Ineligible,1,0,2026-03-17,2026-03-17,2026-07-31
